SET FOREIGN_KEY_CHECKS=0;

-- Exporting table: assessment_details
INSERT INTO `assessment_details` (`id`, `assessment_id`, `question_id`, `answer`, `is_correct`) VALUES ('1', '1', '1', 'Yes', '1');
INSERT INTO `assessment_details` (`id`, `assessment_id`, `question_id`, `answer`, `is_correct`) VALUES ('2', '1', '2', 'No', '1');
INSERT INTO `assessment_details` (`id`, `assessment_id`, `question_id`, `answer`, `is_correct`) VALUES ('3', '1', '3', 'No', '1');
INSERT INTO `assessment_details` (`id`, `assessment_id`, `question_id`, `answer`, `is_correct`) VALUES ('4', '1', '4', 'No', '1');
INSERT INTO `assessment_details` (`id`, `assessment_id`, `question_id`, `answer`, `is_correct`) VALUES ('5', '1', '5', 'No', '1');
INSERT INTO `assessment_details` (`id`, `assessment_id`, `question_id`, `answer`, `is_correct`) VALUES ('6', '1', '6', 'No', '1');
INSERT INTO `assessment_details` (`id`, `assessment_id`, `question_id`, `answer`, `is_correct`) VALUES ('7', '1', '7', 'No', '1');
INSERT INTO `assessment_details` (`id`, `assessment_id`, `question_id`, `answer`, `is_correct`) VALUES ('8', '1', '8', 'No', '1');
INSERT INTO `assessment_details` (`id`, `assessment_id`, `question_id`, `answer`, `is_correct`) VALUES ('9', '1', '9', 'No', '1');
INSERT INTO `assessment_details` (`id`, `assessment_id`, `question_id`, `answer`, `is_correct`) VALUES ('10', '1', '10', 'No', '1');
INSERT INTO `assessment_details` (`id`, `assessment_id`, `question_id`, `answer`, `is_correct`) VALUES ('11', '1', '11', 'No', '1');
INSERT INTO `assessment_details` (`id`, `assessment_id`, `question_id`, `answer`, `is_correct`) VALUES ('12', '1', '12', 'No', '1');
INSERT INTO `assessment_details` (`id`, `assessment_id`, `question_id`, `answer`, `is_correct`) VALUES ('13', '1', '13', 'No', '1');
INSERT INTO `assessment_details` (`id`, `assessment_id`, `question_id`, `answer`, `is_correct`) VALUES ('14', '1', '14', 'No', '1');
INSERT INTO `assessment_details` (`id`, `assessment_id`, `question_id`, `answer`, `is_correct`) VALUES ('15', '1', '15', 'No', '1');
INSERT INTO `assessment_details` (`id`, `assessment_id`, `question_id`, `answer`, `is_correct`) VALUES ('16', '1', '16', 'No', '1');
INSERT INTO `assessment_details` (`id`, `assessment_id`, `question_id`, `answer`, `is_correct`) VALUES ('17', '1', '17', 'No', '1');
INSERT INTO `assessment_details` (`id`, `assessment_id`, `question_id`, `answer`, `is_correct`) VALUES ('18', '1', '18', 'No', '1');
INSERT INTO `assessment_details` (`id`, `assessment_id`, `question_id`, `answer`, `is_correct`) VALUES ('19', '1', '19', 'No', '1');
INSERT INTO `assessment_details` (`id`, `assessment_id`, `question_id`, `answer`, `is_correct`) VALUES ('20', '1', '20', 'No', '1');
INSERT INTO `assessment_details` (`id`, `assessment_id`, `question_id`, `answer`, `is_correct`) VALUES ('21', '1', '21', 'No', '1');
INSERT INTO `assessment_details` (`id`, `assessment_id`, `question_id`, `answer`, `is_correct`) VALUES ('22', '1', '22', 'No', '1');
INSERT INTO `assessment_details` (`id`, `assessment_id`, `question_id`, `answer`, `is_correct`) VALUES ('23', '1', '23', 'No', '1');
INSERT INTO `assessment_details` (`id`, `assessment_id`, `question_id`, `answer`, `is_correct`) VALUES ('24', '1', '24', 'No', '1');
INSERT INTO `assessment_details` (`id`, `assessment_id`, `question_id`, `answer`, `is_correct`) VALUES ('25', '1', '25', 'No', '1');
INSERT INTO `assessment_details` (`id`, `assessment_id`, `question_id`, `answer`, `is_correct`) VALUES ('26', '1', '26', 'No', '1');
INSERT INTO `assessment_details` (`id`, `assessment_id`, `question_id`, `answer`, `is_correct`) VALUES ('27', '1', '27', 'No', '1');
INSERT INTO `assessment_details` (`id`, `assessment_id`, `question_id`, `answer`, `is_correct`) VALUES ('28', '1', '28', 'No', '1');
INSERT INTO `assessment_details` (`id`, `assessment_id`, `question_id`, `answer`, `is_correct`) VALUES ('29', '1', '29', 'No', '1');
INSERT INTO `assessment_details` (`id`, `assessment_id`, `question_id`, `answer`, `is_correct`) VALUES ('30', '1', '30', 'No', '1');
INSERT INTO `assessment_details` (`id`, `assessment_id`, `question_id`, `answer`, `is_correct`) VALUES ('31', '1', '31', 'No', '1');
INSERT INTO `assessment_details` (`id`, `assessment_id`, `question_id`, `answer`, `is_correct`) VALUES ('32', '1', '32', 'No', '1');
INSERT INTO `assessment_details` (`id`, `assessment_id`, `question_id`, `answer`, `is_correct`) VALUES ('33', '1', '33', 'No', '1');
INSERT INTO `assessment_details` (`id`, `assessment_id`, `question_id`, `answer`, `is_correct`) VALUES ('34', '1', '34', 'No', '1');
INSERT INTO `assessment_details` (`id`, `assessment_id`, `question_id`, `answer`, `is_correct`) VALUES ('35', '1', '35', 'No', '1');
INSERT INTO `assessment_details` (`id`, `assessment_id`, `question_id`, `answer`, `is_correct`) VALUES ('36', '1', '36', 'No', '1');
INSERT INTO `assessment_details` (`id`, `assessment_id`, `question_id`, `answer`, `is_correct`) VALUES ('37', '1', '37', 'No', '1');

-- Exporting table: assessment_questions
INSERT INTO `assessment_questions` (`id`, `question_text`, `category_id`, `expected_answer`, `is_required`, `order_no`) VALUES ('1', 'Are you feeling well today?', '1', 'Yes', '1', '1');
INSERT INTO `assessment_questions` (`id`, `question_text`, `category_id`, `expected_answer`, `is_required`, `order_no`) VALUES ('2', 'Do you have any cold, flu, or fever symptoms?', '1', 'No', '1', '2');
INSERT INTO `assessment_questions` (`id`, `question_text`, `category_id`, `expected_answer`, `is_required`, `order_no`) VALUES ('3', 'Have you recently taken any medications?', '1', 'No', '1', '3');
INSERT INTO `assessment_questions` (`id`, `question_text`, `category_id`, `expected_answer`, `is_required`, `order_no`) VALUES ('4', 'Do you have any allergies?', '1', 'No', '1', '4');
INSERT INTO `assessment_questions` (`id`, `question_text`, `category_id`, `expected_answer`, `is_required`, `order_no`) VALUES ('5', 'Have you ever had heart disease, cancer, epilepsy, diabetes, or other chronic illnesses?', '2', 'No', '1', '1');
INSERT INTO `assessment_questions` (`id`, `question_text`, `category_id`, `expected_answer`, `is_required`, `order_no`) VALUES ('6', 'Have you had any recent surgeries or major dental procedures?', '2', 'No', '1', '2');
INSERT INTO `assessment_questions` (`id`, `question_text`, `category_id`, `expected_answer`, `is_required`, `order_no`) VALUES ('7', 'Have you received any vaccines or injections in the last few weeks?', '2', 'No', '1', '3');
INSERT INTO `assessment_questions` (`id`, `question_text`, `category_id`, `expected_answer`, `is_required`, `order_no`) VALUES ('8', 'Have you ever had a blood transfusion?', '2', 'No', '1', '4');
INSERT INTO `assessment_questions` (`id`, `question_text`, `category_id`, `expected_answer`, `is_required`, `order_no`) VALUES ('9', 'Have you ever been diagnosed with a bleeding disorder?', '2', 'No', '1', '5');
INSERT INTO `assessment_questions` (`id`, `question_text`, `category_id`, `expected_answer`, `is_required`, `order_no`) VALUES ('10', 'Have you ever been treated for cancer or tumors?', '2', 'No', '1', '6');
INSERT INTO `assessment_questions` (`id`, `question_text`, `category_id`, `expected_answer`, `is_required`, `order_no`) VALUES ('11', 'Have you ever had a positive test for hepatitis B or C?', '2', 'No', '1', '7');
INSERT INTO `assessment_questions` (`id`, `question_text`, `category_id`, `expected_answer`, `is_required`, `order_no`) VALUES ('12', 'Have you ever had a positive test for syphilis?', '2', 'No', '1', '8');
INSERT INTO `assessment_questions` (`id`, `question_text`, `category_id`, `expected_answer`, `is_required`, `order_no`) VALUES ('13', 'Have you ever been diagnosed with a sexually transmitted disease (STD)?', '2', 'No', '1', '9');
INSERT INTO `assessment_questions` (`id`, `question_text`, `category_id`, `expected_answer`, `is_required`, `order_no`) VALUES ('14', 'Have you ever tested positive for HIV/AIDS, hepatitis B or C, syphilis, or other blood-borne infections?', '3', 'No', '1', '1');
INSERT INTO `assessment_questions` (`id`, `question_text`, `category_id`, `expected_answer`, `is_required`, `order_no`) VALUES ('15', 'Have you had jaundice or unexplained weight loss?', '3', 'No', '1', '2');
INSERT INTO `assessment_questions` (`id`, `question_text`, `category_id`, `expected_answer`, `is_required`, `order_no`) VALUES ('16', 'Have you been in contact with someone who has a contagious disease in the last 3 months?', '3', 'No', '1', '3');
INSERT INTO `assessment_questions` (`id`, `question_text`, `category_id`, `expected_answer`, `is_required`, `order_no`) VALUES ('17', 'Have you ever been diagnosed with malaria or other tropical diseases?', '3', 'No', '1', '4');
INSERT INTO `assessment_questions` (`id`, `question_text`, `category_id`, `expected_answer`, `is_required`, `order_no`) VALUES ('18', 'Have you ever had a positive test for tuberculosis (TB)?', '3', 'No', '1', '5');
INSERT INTO `assessment_questions` (`id`, `question_text`, `category_id`, `expected_answer`, `is_required`, `order_no`) VALUES ('19', 'Have you recently traveled to areas where malaria or other infectious diseases are common?', '4', 'No', '1', '1');
INSERT INTO `assessment_questions` (`id`, `question_text`, `category_id`, `expected_answer`, `is_required`, `order_no`) VALUES ('20', 'Have you traveled outside the country in the last 3 months?', '4', 'No', '1', '2');
INSERT INTO `assessment_questions` (`id`, `question_text`, `category_id`, `expected_answer`, `is_required`, `order_no`) VALUES ('21', 'Have you lived in or traveled to areas with high rates of HIV or other STDs?', '4', 'No', '1', '3');
INSERT INTO `assessment_questions` (`id`, `question_text`, `category_id`, `expected_answer`, `is_required`, `order_no`) VALUES ('22', 'Have you been in contact with someone who has traveled to a high-risk area?', '4', 'No', '1', '4');
INSERT INTO `assessment_questions` (`id`, `question_text`, `category_id`, `expected_answer`, `is_required`, `order_no`) VALUES ('23', 'Do you use or have you ever used intravenous drugs?', '5', 'No', '1', '1');
INSERT INTO `assessment_questions` (`id`, `question_text`, `category_id`, `expected_answer`, `is_required`, `order_no`) VALUES ('24', 'Have you had unprotected sex with multiple partners or with someone who has HIV or other STDs?', '5', 'No', '1', '2');
INSERT INTO `assessment_questions` (`id`, `question_text`, `category_id`, `expected_answer`, `is_required`, `order_no`) VALUES ('25', 'Have you ever received money or drugs in exchange for sex?', '5', 'No', '1', '3');
INSERT INTO `assessment_questions` (`id`, `question_text`, `category_id`, `expected_answer`, `is_required`, `order_no`) VALUES ('26', 'Have you ever been in prison or jail?', '5', 'No', '1', '4');
INSERT INTO `assessment_questions` (`id`, `question_text`, `category_id`, `expected_answer`, `is_required`, `order_no`) VALUES ('27', 'Have you ever had a tattoo or body piercing in the last 12 months?', '5', 'No', '1', '5');
INSERT INTO `assessment_questions` (`id`, `question_text`, `category_id`, `expected_answer`, `is_required`, `order_no`) VALUES ('28', 'Have you ever had a blood transfusion or organ transplant?', '5', 'No', '1', '6');
INSERT INTO `assessment_questions` (`id`, `question_text`, `category_id`, `expected_answer`, `is_required`, `order_no`) VALUES ('29', 'Have you donated blood in the last 3 months (for men) or 4 months (for women)?', '6', 'No', '1', '1');
INSERT INTO `assessment_questions` (`id`, `question_text`, `category_id`, `expected_answer`, `is_required`, `order_no`) VALUES ('30', 'Have you ever had a reaction to a previous blood donation?', '6', 'No', '1', '2');
INSERT INTO `assessment_questions` (`id`, `question_text`, `category_id`, `expected_answer`, `is_required`, `order_no`) VALUES ('31', 'Have you ever been deferred from donating blood?', '6', 'No', '1', '3');
INSERT INTO `assessment_questions` (`id`, `question_text`, `category_id`, `expected_answer`, `is_required`, `order_no`) VALUES ('32', 'Have you ever had a low hemoglobin level or anemia?', '6', 'No', '1', '4');
INSERT INTO `assessment_questions` (`id`, `question_text`, `category_id`, `expected_answer`, `is_required`, `order_no`) VALUES ('33', 'Have you ever had a fainting spell or dizziness after donating blood?', '6', 'No', '1', '5');
INSERT INTO `assessment_questions` (`id`, `question_text`, `category_id`, `expected_answer`, `is_required`, `order_no`) VALUES ('34', 'Are you currently pregnant or have you recently given birth?', '7', 'No', '1', '1');
INSERT INTO `assessment_questions` (`id`, `question_text`, `category_id`, `expected_answer`, `is_required`, `order_no`) VALUES ('35', 'Are you breastfeeding?', '7', 'No', '1', '2');
INSERT INTO `assessment_questions` (`id`, `question_text`, `category_id`, `expected_answer`, `is_required`, `order_no`) VALUES ('36', 'Have you had a menstrual period in the last 3 days?', '7', 'No', '1', '3');
INSERT INTO `assessment_questions` (`id`, `question_text`, `category_id`, `expected_answer`, `is_required`, `order_no`) VALUES ('37', 'Are you taking hormonal contraceptives or other medications that affect your menstrual cycle?', '7', 'No', '1', '4');

-- Exporting table: assessments
INSERT INTO `assessments` (`id`, `user_id`, `is_pass`, `is_book_appointment`, `create_date`) VALUES ('1', '3', '1', '1', '2025-05-24 20:25:41');

-- Exporting table: donation_appointment_status_history
INSERT INTO `donation_appointment_status_history` (`id`, `donation_appointment_id`, `status`, `created_at`, `created_by`, `comment`) VALUES ('1', '1', 'Pending', '2025-05-24 21:19:51', '3', NULL);
INSERT INTO `donation_appointment_status_history` (`id`, `donation_appointment_id`, `status`, `created_at`, `created_by`, `comment`) VALUES ('2', '1', 'Accepted', '2025-05-24 22:14:27', '5', 'ok');

-- Exporting table: donation_appointments
INSERT INTO `donation_appointments` (`id`, `user_id`, `hospital_id`, `assessment_id`, `appointment_date`, `created_at`, `updated_at`) VALUES ('1', '3', '1', '1', '2025-05-25', '2025-05-24 21:19:51', '2025-05-24 21:19:51');

-- Exporting table: hospitals
INSERT INTO `hospitals` (`id`, `name`, `contact_number`, `telegram_chat_id`, `address`, `city`, `country`, `created_at`, `user_id`) VALUES ('1', 'National Blood Transfusion Center Cambodia', '0961234567', '1236071046', 'GWV3+HR7, Yothapol Khemarak Phoumin Blvd (271), Phnom Penh', 'Phnom Penh', 'kh', '2025-05-21 21:24:47', '5');

-- Exporting table: login_attempts
INSERT INTO `login_attempts` (`id`, `user_id`, `failed_attempts`, `last_failed_at`) VALUES ('1', '1', '1', '2025-05-27 20:41:01');
INSERT INTO `login_attempts` (`id`, `user_id`, `failed_attempts`, `last_failed_at`) VALUES ('2', '4', '1', '2025-05-27 20:41:38');

-- Exporting table: password_resets
INSERT INTO `password_resets` (`id`, `user_id`, `otp_code`, `otp_expiry`, `created_at`) VALUES ('2', '1', '$2y$10$769', '2025-05-27 15:48:11', '2025-05-27 20:43:11');

-- Exporting table: question_categories
INSERT INTO `question_categories` (`id`, `name`, `description`) VALUES ('1', 'General Health', 'Basic health check before donation');
INSERT INTO `question_categories` (`id`, `name`, `description`) VALUES ('2', 'Medical History', 'Questions about past and current medical conditions');
INSERT INTO `question_categories` (`id`, `name`, `description`) VALUES ('3', 'Infectious Diseases', 'Check for risk of disease transmission');
INSERT INTO `question_categories` (`id`, `name`, `description`) VALUES ('4', 'Travel History', 'Recent travel to areas with health risks');
INSERT INTO `question_categories` (`id`, `name`, `description`) VALUES ('5', 'Lifestyle Risk', 'Behavioral risk factors');
INSERT INTO `question_categories` (`id`, `name`, `description`) VALUES ('6', 'Donation History', 'History of previous donations');
INSERT INTO `question_categories` (`id`, `name`, `description`) VALUES ('7', 'Female-Specific', 'Special questions for female donors');

-- Exporting table: roles
INSERT INTO `roles` (`id`, `name`) VALUES ('1', 'admin');
INSERT INTO `roles` (`id`, `name`) VALUES ('3', 'donor');
INSERT INTO `roles` (`id`, `name`) VALUES ('4', 'hospital');
INSERT INTO `roles` (`id`, `name`) VALUES ('2', 'staff');

-- Exporting table: user_contacts
INSERT INTO `user_contacts` (`id`, `user_id`, `telegram_chat_id`, `created_at`) VALUES ('1', '1', '878514898', '2025-05-21 20:48:16');
INSERT INTO `user_contacts` (`id`, `user_id`, `telegram_chat_id`, `created_at`) VALUES ('2', '2', '878514898', '2025-05-21 20:48:16');
INSERT INTO `user_contacts` (`id`, `user_id`, `telegram_chat_id`, `created_at`) VALUES ('3', '3', '878514898', '2025-05-21 20:48:17');
INSERT INTO `user_contacts` (`id`, `user_id`, `telegram_chat_id`, `created_at`) VALUES ('4', '4', '878514898', '2025-05-21 20:48:17');
INSERT INTO `user_contacts` (`id`, `user_id`, `telegram_chat_id`, `created_at`) VALUES ('5', '5', '878514898', '2025-05-21 20:48:17');

-- Exporting table: user_profiles
INSERT INTO `user_profiles` (`id`, `user_id`, `first_name`, `last_name`, `dob`, `gender`, `blood_type`, `last_updated`) VALUES ('1', '1', 'System', 'Admin', '2000-01-01', 'male', 'A+', '2025-05-27 19:30:20');
INSERT INTO `user_profiles` (`id`, `user_id`, `first_name`, `last_name`, `dob`, `gender`, `blood_type`, `last_updated`) VALUES ('2', '2', 'Chum', 'Ratanakchentria', '2000-01-01', 'female', 'B+', '2025-05-21 20:48:16');
INSERT INTO `user_profiles` (`id`, `user_id`, `first_name`, `last_name`, `dob`, `gender`, `blood_type`, `last_updated`) VALUES ('3', '3', 'First', 'Donor', '1998-05-10', 'male', 'O+', '2025-05-21 20:48:17');
INSERT INTO `user_profiles` (`id`, `user_id`, `first_name`, `last_name`, `dob`, `gender`, `blood_type`, `last_updated`) VALUES ('4', '4', 'Second', 'Donor', '1999-07-12', 'female', 'A-', '2025-05-21 20:48:17');
INSERT INTO `user_profiles` (`id`, `user_id`, `first_name`, `last_name`, `dob`, `gender`, `blood_type`, `last_updated`) VALUES ('5', '5', 'National Blood Transfusion Center Cambodia', '', '1990-01-01', '', 'AB+', '2025-05-21 20:48:17');

-- Exporting table: users
INSERT INTO `users` (`id`, `username`, `password`, `image_url`, `active`, `force_reset`, `role_id`, `created_at`, `updated_at`) VALUES ('1', 'admin', '$2y$10$iT4B4tnxbyvURmdP7FF3iO/6bnPC6mvs7065uP.LqtyI4SpqqB4/O', 'uploads/profiles/profile_6835b863b05440.06979282.jpg', '1', '0', '1', '2025-05-21 20:48:16', '2025-05-27 20:04:35');
INSERT INTO `users` (`id`, `username`, `password`, `image_url`, `active`, `force_reset`, `role_id`, `created_at`, `updated_at`) VALUES ('2', 'chantria', '$2y$10$nn60wDJ2.5DsNzKB2qGVJuKYNixNmikHh1KXYbpMP4CZ7x7IbgiU2', 'uploads/assets/default-user.png', '1', '0', '2', '2025-05-21 20:48:16', '2025-05-21 20:48:16');
INSERT INTO `users` (`id`, `username`, `password`, `image_url`, `active`, `force_reset`, `role_id`, `created_at`, `updated_at`) VALUES ('3', 'donor1', '$2y$10$rHYUvghVLGm0yEgbk9Fir.LzLIRHFOKNDgHS/yCWe0eaNnjR0p756', 'uploads/assets/default-user.png', '1', '0', '3', '2025-05-21 20:48:17', '2025-05-21 20:48:17');
INSERT INTO `users` (`id`, `username`, `password`, `image_url`, `active`, `force_reset`, `role_id`, `created_at`, `updated_at`) VALUES ('4', 'donor2', '$2y$10$D7yb78b2ltNRHHvtQALdDeJ2uOodp9l.VnLBFvBx.n/oP1QSqvP7C', 'uploads/assets/default-user.png', '1', '0', '3', '2025-05-21 20:48:17', '2025-05-21 20:48:17');
INSERT INTO `users` (`id`, `username`, `password`, `image_url`, `active`, `force_reset`, `role_id`, `created_at`, `updated_at`) VALUES ('5', 'nbtcc', '$2y$10$Swoa2qY5GGqvt8cOtRN/WukZjTZrQPF.9/yZwN3twKn2/bgWTM69i', 'uploads/assets/default-user.png', '1', '0', '4', '2025-05-21 20:48:17', '2025-05-21 20:48:17');

SET FOREIGN_KEY_CHECKS=1;